{
    "DFIntTaskSchedulerTargetFps": 5588562,
    "FFlagDebugDisplayFPS": false,
    "FFlagDebugSkyGray": true,
    "FStringPartTexturePackTablePre2022": "{\"foil\":{\"ids\":[\"rbxassetid://10536172964\",\"rbxassetid://12740224981\"],\"color\":[238,238,238,255]},\"asphalt\":{\"ids\":[\"rbxassetid://10536172964\",\"rbxassetid://12740224981\"],\"color\":[227,227,228,234]},\"basalt\":{\"ids\":[\"rbxassetid://10536172964\",\"rbxassetid://12740224981\"],\"color\":[160,160,158,238]},\"brick\":{\"ids\":[\"rbxassetid://10536172964\",\"rbxassetid://12740224981\"],\"color\":[229,214,205,227]},\"cobblestone\":{\"ids\":[\"rbxassetid://10536172964\",\"rbxassetid://12740224981\"],\"color\":[218,219,219,243]},\"concrete\":{\"ids\":[\"rbxassetid://10536172964\",\"rbxassetid://12740224981\"],\"color\":[225,225,224,255]},\"crackedlava\":{\"ids\":[\"rbxassetid://10536172964\",\"rbxassetid://12740224981\"],\"color\":[76,79,81,156]},\"diamondplate\":{\"ids\":[\"rbxassetid://10536172964\",\"rbxassetid://12740224981\"],\"color\":[210,210,210,255]},\"fabric\":{\"ids\":[\"rbxassetid://10536172964\",\"rbxassetid://12740224981\"],\"color\":[221,221,221,255]},\"glacier\":{\"ids\":[\"rbxassetid://10536172964\",\"rbxassetid://12740224981\"],\"color\":[225,229,229,243]},\"glass\":{\"ids\":[\"rbxassetid://9873284556\",\"rbxassetid://9438453972\"],\"color\":[254,254,254,7]},\"granite\":{\"ids\":[\"rbxassetid://10536172964\",\"rbxassetid://12740224981\"],\"color\":[210,206,200,255]},\"grass\":{\"ids\":[\"rbxassetid://10536172964\",\"rbxassetid://12740224981\"],\"color\":[196,196,189,241]},\"ground\":{\"ids\":[\"rbxassetid://10536172964\",\"rbxassetid://12740224981\"],\"color\":[165,165,160,240]},\"ice\":{\"ids\":[\"rbxassetid://10536172964\",\"rbxassetid://12740224981\"],\"color\":[235,239,241,248]},\"leafygrass\":{\"ids\":[\"rbxassetid://10536172964\",\"rbxassetid://12740224981\"],\"color\":[182,178,175,234]},\"limestone\":{\"ids\":[\"rbxassetid://10536172964\",\"rbxassetid://12740224981\"],\"color\":[250,248,243,250]},\"marble\":{\"ids\":[\"rbxassetid://10536172964\",\"rbxassetid://12740224981\"],\"color\":[181,183,193,249]},\"metal\":{\"ids\":[\"rbxassetid://10536172964\",\"rbxassetid://12740224981\"],\"color\":[226,226,226,255]},\"mud\":{\"ids\":[\"rbxassetid://10536172964\",\"rbxassetid://12740224981\"],\"color\":[193,192,193,252]},\"pavement\":{\"ids\":[\"rbxassetid://10536172964\",\"rbxassetid://12740224981\"],\"color\":[218,218,219,236]},\"pebble\":{\"ids\":[\"rbxassetid://10536172964\",\"rbxassetid://12740224981\"],\"color\":[204,203,201,234]},\"plastic\":{\"ids\":[\"\",\"rbxassetid://9475422736\"],\"color\":[255,255,255,255]},\"rock\":{\"ids\":[\"rbxassetid://10536172964\",\"rbxassetid://12740224981\"],\"color\":[211,211,210,248]},\"corrodedmetal\":{\"ids\":[\"rbxassetid://10536172964\",\"rbxassetid://12740224981\"],\"color\":[206,177,163,180]},\"salt\":{\"ids\":[\"rbxassetid://10536172964\",\"rbxassetid://12740224981\"],\"color\":[249,249,249,255]},\"sand\":{\"ids\":[\"rbxassetid://10536172964\",\"rbxassetid://12740224981\"],\"color\":[218,216,210,240]},\"sandstone\":{\"ids\":[\"rbxassetid://10536172964\",\"rbxassetid://12740224981\"],\"color\":[241,234,230,246]},\"slate\":{\"ids\":[\"rbxassetid://10536172964\",\"rbxassetid://12740224981\"],\"color\":[235,234,235,254]},\"snow\":{\"ids\":[\"rbxassetid://10536172964\",\"rbxassetid://12740224981\"],\"color\":[239,240,240,255]},\"wood\":{\"ids\":[\"rbxassetid://10536172964\",\"rbxassetid://12740224981\"],\"color\":[217,209,208,255]},\"woodplanks\":{\"ids\":[\"rbxassetid://10536172964\",\"rbxassetid://12740224981\"],\"color\":[207,208,206,254]}}"
}
