{
    "DFIntTaskSchedulerTargetFps": 5588562,
	"FFlagDebugDisplayFPS": false,
	"FFlagDebugSkyGray": true,
	"FStringPartTexturePackTablePre2022": "{\"foil\":{\"ids\":[\"rbxassetid://13430018298\",\"rbxassetid://10201039233\"],\"color\":[238,238,238,255]},\"asphalt\":{\"ids\":[\"rbxassetid://13430018298\",\"rbxassetid://10201039233\"],\"color\":[227,227,228,234]},\"basalt\":{\"ids\":[\"rbxassetid://13430018298\",\"rbxassetid://10201039233\"],\"color\":[160,160,158,238]},\"brick\":{\"ids\":[\"rbxassetid://13430018298\",\"rbxassetid://10201039233\"],\"color\":[229,214,205,227]},\"cobblestone\":{\"ids\":[\"rbxassetid://13430018298\",\"rbxassetid://10201039233\"],\"color\":[218,219,219,243]},\"concrete\":{\"ids\":[\"rbxassetid://13430018298\",\"rbxassetid://10201039233\"],\"color\":[225,225,224,255]},\"crackedlava\":{\"ids\":[\"rbxassetid://13430018298\",\"rbxassetid://10201039233\"],\"color\":[76,79,81,156]},\"diamondplate\":{\"ids\":[\"rbxassetid://13430018298\",\"rbxassetid://10201039233\"],\"color\":[210,210,210,255]},\"fabric\":{\"ids\":[\"rbxassetid://13430018298\",\"rbxassetid://10201039233\"],\"color\":[221,221,221,255]},\"glacier\":{\"ids\":[\"rbxassetid://13430018298\",\"rbxassetid://10201039233\"],\"color\":[225,229,229,243]},\"glass\":{\"ids\":[\"rbxassetid://13430018298\",\"rbxassetid://10201039233\"],\"color\":[254,254,254,7]},\"granite\":{\"ids\":[\"rbxassetid://13430018298\",\"rbxassetid://10201039233\"],\"color\":[210,206,200,255]},\"grass\":{\"ids\":[\"rbxassetid://13430018298\",\"rbxassetid://10201039233\"],\"color\":[196,196,189,241]},\"ground\":{\"ids\":[\"rbxassetid://13430018298\",\"rbxassetid://10201039233\"],\"color\":[165,165,160,240]},\"ice\":{\"ids\":[\"rbxassetid://13430018298\",\"rbxassetid://10201039233\"],\"color\":[235,239,241,248]},\"leafygrass\":{\"ids\":[\"rbxassetid://13430018298\",\"rbxassetid://10201039233\"],\"color\":[182,178,175,234]},\"limestone\":{\"ids\":[\"rbxassetid://13430018298\",\"rbxassetid://10201039233\"],\"color\":[250,248,243,250]},\"marble\":{\"ids\":[\"rbxassetid://13430018298\",\"rbxassetid://10201039233\"],\"color\":[181,183,193,249]},\"metal\":{\"ids\":[\"rbxassetid://13430018298\",\"rbxassetid://10201039233\"],\"color\":[226,226,226,255]},\"mud\":{\"ids\":[\"rbxassetid://13430018298\",\"rbxassetid://10201039233\"],\"color\":[193,192,193,252]},\"pavement\":{\"ids\":[\"rbxassetid://13430018298\",\"rbxassetid://10201039233\"],\"color\":[218,218,219,236]},\"pebble\":{\"ids\":[\"rbxassetid://13430018298\",\"rbxassetid://10201039233\"],\"color\":[204,203,201,234]},\"plastic\":{\"ids\":[\"\",\"rbxassetid://10201039233\"],\"color\":[255,255,255,255]},\"rock\":{\"ids\":[\"rbxassetid://13430018298\",\"rbxassetid://10201039233\"],\"color\":[211,211,210,248]},\"corrodedmetal\":{\"ids\":[\"rbxassetid://13430018298\",\"rbxassetid://10201039233\"],\"color\":[206,177,163,180]},\"salt\":{\"ids\":[\"rbxassetid://13430018298\",\"rbxassetid://10201039233\"],\"color\":[249,249,249,255]},\"sand\":{\"ids\":[\"rbxassetid://13430018298\",\"rbxassetid://10201039233\"],\"color\":[218,216,210,240]},\"sandstone\":{\"ids\":[\"rbxassetid://13430018298\",\"rbxassetid://10201039233\"],\"color\":[241,234,230,246]},\"slate\":{\"ids\":[\"rbxassetid://13430018298\",\"rbxassetid://10201039233\"],\"color\":[235,234,235,254]},\"snow\":{\"ids\":[\"rbxassetid://13430018298\",\"rbxassetid://10201039233\"],\"color\":[239,240,240,255]},\"wood\":{\"ids\":[\"rbxassetid://13430018298\",\"rbxassetid://10201039233\"],\"color\":[217,209,208,255]},\"woodplanks\":{\"ids\":[\"rbxassetid://13430018298\",\"rbxassetid://10201039233\"],\"color\":[207,208,206,254]}}"
}