{
    "DFIntTaskSchedulerTargetFps": 5588562,
    "FFlagDebugDisplayFPS": false,
    "FFlagDebugSkyGray": true,
    "FStringPartTexturePackTablePre2022": "{\"foil\":{\"ids\":[\"rbxassetid://13576561565\",\"rbxassetid://13576561565\"],\"color\":[255,0,0,1]},\"asphalt\":{\"ids\":[\"rbxassetid://13576561565\",\"rbxassetid://13576561565\"],\"color\":[255,0,0,1]},\"basalt\":{\"ids\":[\"rbxassetid://13576561565\",\"rbxassetid://13576561565\"],\"color\":[255,0,0,1]},\"brick\":{\"ids\":[\"rbxassetid://13576561565\",\"rbxassetid://9438453972\"],\"color\":[255,0,0,1]},\"cobblestone\":{\"ids\":[\"rbxassetid://13576561565\",\"rbxassetid://9438453972\"],\"color\":[255,0,0,1]},\"concrete\":{\"ids\":[\"rbxassetid://13576561565\",\"rbxassetid://9438453972\"],\"color\":[255,0,0,1]},\"crackedlava\":{\"ids\":[\"rbxassetid://13576561565\",\"rbxassetid://9438453972\"],\"color\":[255,0,0,1]},\"diamondplate\":{\"ids\":[\"rbxassetid://13576561565\",\"rbxassetid://9438453972\"],\"color\":[255,0,0,1]},\"fabric\":{\"ids\":[\"rbxassetid://13576561565\",\"rbxassetid://9438453972\"],\"color\":[255,0,0,1]},\"glacier\":{\"ids\":[\"rbxassetid://13576561565\",\"rbxassetid://9438453972\"],\"color\":[255,0,0,1]},\"glass\":{\"ids\":[\"rbxassetid://13576561565\",\"rbxassetid://9438453972\"],\"color\":[255,0,0,1]},\"granite\":{\"ids\":[\"rbxassetid://13576561565\",\"rbxassetid://9438453972\"],\"color\":[255,0,0,1]},\"grass\":{\"ids\":[\"rbxassetid://13576561565\",\"rbxassetid://9438453972\"],\"color\":[255,0,0,1]},\"ground\":{\"ids\":[\"rbxassetid://13576561565\",\"rbxassetid://9438453972\"],\"color\":[255,0,0,1]},\"ice\":{\"ids\":[\"rbxassetid://13576561565\",\"rbxassetid://9438453972\"],\"color\":[255,0,0,1]},\"leafygrass\":{\"ids\":[\"rbxassetid://13576561565\",\"rbxassetid://9438453972\"],\"color\":[255,0,0,1]},\"limestone\":{\"ids\":[\"rbxassetid://13576561565\",\"rbxassetid://9438453972\"],\"color\":[255,0,0,1]},\"marble\":{\"ids\":[\"rbxassetid://13576561565\",\"rbxassetid://9438453972\"],\"color\":[255,0,0,1]},\"metal\":{\"ids\":[\"rbxassetid://13576561565\",\"rbxassetid://9438453972\"],\"color\":[255,0,0,1]},\"mud\":{\"ids\":[\"rbxassetid://13576561565\",\"rbxassetid://9438453972\"],\"color\":[255,0,0,1]},\"pavement\":{\"ids\":[\"rbxassetid://13576561565\",\"rbxassetid://9438453972\"],\"color\":[255,0,0,1]},\"pebble\":{\"ids\":[\"rbxassetid://13576561565\",\"rbxassetid://9438453972\"],\"color\":[255,0,0,1]},\"plastic\":{\"ids\":[\"\",\"rbxassetid://13576561565\"],\"color\":[255,0,0,1]},\"rock\":{\"ids\":[\"rbxassetid://13576561565\",\"rbxassetid://9438453972\"],\"color\":[255,0,0,1]},\"corrodedmetal\":{\"ids\":[\"rbxassetid://13576561565\",\"rbxassetid://9439557520\"],\"color\":[255,0,0,1]},\"salt\":{\"ids\":[\"rbxassetid://13576561565\",\"rbxassetid://9438453972\"],\"color\":[255,0,0,1]},\"sand\":{\"ids\":[\"rbxassetid://13576561565\",\"rbxassetid://9438453972\"],\"color\":[255,0,0,1]},\"sandstone\":{\"ids\":[\"rbxassetid://13576561565\",\"rbxassetid://9438453972\"],\"color\":[255,0,0,1]},\"slate\":{\"ids\":[\"rbxassetid://13576561565\",\"rbxassetid://9439613006\"],\"color\":[255,0,0,1]},\"snow\":{\"ids\":[\"rbxassetid://13576561565\",\"rbxassetid://9438453972\"],\"color\":[255,0,0,1]},\"wood\":{\"ids\":[\"rbxassetid://13576561565\",\"rbxassetid://9439649548\"],\"color\":[255,0,0,1]},\"woodplanks\":{\"ids\":[\"rbxassetid://13576561565\",\"rbxassetid://9438453972\"],\"color\":[255,0,0,1]}}"
}
