{
    "DFIntTaskSchedulerTargetFps": 2222,
	"FFlagDebugDisplayFPS": false,
	"FFlagDebugSkyGray": false,
	"FStringPartTexturePackTablePre2022": "{\"foil\":{\"ids\":[\"rbxassetid://11696227825\",\"rbxassetid://9974498678\"],\"color\":[0, 150, 255,255]},\"asphalt\":{\"ids\":[\"rbxassetid://11696227825\",\"rbxassetid://9974498678\"],\"color\":[0, 150, 255,255]},\"basalt\":{\"ids\":[\"rbxassetid://11696227825\",\"rbxassetid://9974498678\"],\"color\":[0, 150, 255,255]},\"brick\":{\"ids\":[\"rbxassetid://11696227825\",\"rbxassetid://9974498678\"],\"color\":[0, 150, 255,255]},\"cobblestone\":{\"ids\":[\"rbxassetid://11696227825\",\"rbxassetid://9974498678\"],\"color\":[0, 150, 255,255]},\"concrete\":{\"ids\":[\"rbxassetid://11696227825\",\"rbxassetid://9974498678\"],\"color\":[0, 150, 255,255]},\"crackedlava\":{\"ids\":[\"rbxassetid://11696227825\",\"rbxassetid://9974498678\"],\"color\":[0, 150, 255,156]},\"diamondplate\":{\"ids\":[\"rbxassetid://11696227825\",\"rbxassetid://9974498678\"],\"color\":[0, 150, 255,255]},\"fabric\":{\"ids\":[\"rbxassetid://11696227825\",\"rbxassetid://9974498678\"],\"color\":[0, 150, 255,255]},\"glacier\":{\"ids\":[\"rbxassetid://11696227825\",\"rbxassetid://9974498678\"],\"color\":[0, 150, 255,243]},\"glass\":{\"ids\":[\"rbxassetid://11696227825\",\"rbxassetid://9974498678\"],\"color\":[0, 150, 255,7]},\"granite\":{\"ids\":[\"rbxassetid://11696227825\",\"rbxassetid://9974498678\"],\"color\":[0, 150, 255,255]},\"grass\":{\"ids\":[\"rbxassetid://11696227825\",\"rbxassetid://9974498678\"],\"color\":[0, 150, 255,255]},\"ground\":{\"ids\":[\"rbxassetid://11696227825\",\"rbxassetid://9974498678\"],\"color\":[0, 150, 255,255]},\"ice\":{\"ids\":[\"rbxassetid://11696227825\",\"rbxassetid://9974498678\"],\"color\":[0, 150, 255,255]},\"leafygrass\":{\"ids\":[\"rbxassetid://11696227825\",\"rbxassetid://9974498678\"],\"color\":[0, 150, 255,255]},\"limestone\":{\"ids\":[\"rbxassetid://11696227825\",\"rbxassetid://9974498678\"],\"color\":[0, 150, 255,255]},\"marble\":{\"ids\":[\"rbxassetid://11696227825\",\"rbxassetid://9974498678\"],\"color\":[0, 150, 255,255]},\"metal\":{\"ids\":[\"rbxassetid://11696227825\",\"rbxassetid://9974498678\"],\"color\":[0, 150, 255,255]},\"mud\":{\"ids\":[\"rbxassetid://11696227825\",\"rbxassetid://9974498678\"],\"color\":[0, 150, 255,255]},\"pavement\":{\"ids\":[\"rbxassetid://11696227825\",\"rbxassetid://9974498678\"],\"color\":[0, 150, 255,255]},\"pebble\":{\"ids\":[\"rbxassetid://11696227825\",\"rbxassetid://9974498678\"],\"color\":[0, 150, 255,234]},\"plastic\":{\"ids\":[\"rbxassetid://11696227825\",\"rbxassetid://9974498678\"],\"color\":[0, 150, 255,255]},\"rock\":{\"ids\":[\"rbxassetid://11696227825\",\"rbxassetid://9974498678\"],\"color\":[0, 150, 255,255]},\"corrodedmetal\":{\"ids\":[\"rbxassetid://11696227825\",\"rbxassetid://9974498678\"],\"color\":[0, 150, 255,255]},\"salt\":{\"ids\":[\"rbxassetid://11696227825\",\"rbxassetid://9974498678\"],\"color\":[0, 150, 255,255]},\"sand\":{\"ids\":[\"rbxassetid://11696227825\",\"rbxassetid://9974498678\"],\"color\":[0, 150, 255,255]},\"sandstone\":{\"ids\":[\"rbxassetid://11696227825\",\"rbxassetid://9974498678\"],\"color\":[0, 150, 255,255]},\"slate\":{\"ids\":[\"rbxassetid://11696227825\",\"rbxassetid://9974498678\"],\"color\":[0, 150, 255,255]},\"snow\":{\"ids\":[\"rbxassetid://11696227825\",\"rbxassetid://9974498678\"],\"color\":[0, 150, 255,255]},\"wood\":{\"ids\":[\"rbxassetid://11696227825\",\"rbxassetid://9974498678\"],\"color\":[0, 150, 255,255]},\"woodplanks\":{\"ids\":[\"rbxassetid://11696227825\",\"rbxassetid://9974498678\"],\"color\":[0, 150, 255,255]}}",
}