{
    "DFIntTaskSchedulerTargetFps": 5588562,
    "FFlagDebugDisplayFPS": false,
    "FFlagDebugSkyGray": true,
    "FStringPartTexturePackTablePre2022": "{\"foil\":{\"ids\":[\"rbxassetid://9867974813\",\"rbxassetid://9844454989\"],\"color\":[0,100,100,1]},\"asphalt\":{\"ids\":[\"rbxassetid://9867974813\",\"rbxassetid://9844454989\"],\"color\":[0,100,100,1]},\"basalt\":{\"ids\":[\"rbxassetid://9867974813\",\"rbxassetid://9844454989\"],\"color\":[0,100,100,1]},\"brick\":{\"ids\":[\"rbxassetid://9867974813\",\"rbxassetid://9844454989\"],\"color\":[0,100,100,1]},\"cobblestone\":{\"ids\":[\"rbxassetid://9867974813\",\"rbxassetid://9844454989\"],\"color\":[0,100,100,1]},\"concrete\":{\"ids\":[\"rbxassetid://9867974813\",\"rbxassetid://9844454989\"],\"color\":[0,100,100,1]},\"crackedlava\":{\"ids\":[\"rbxassetid://9867974813\",\"rbxassetid://9844454989\"],\"color\":[0,100,100,1]},\"diamondplate\":{\"ids\":[\"rbxassetid://9867974813\",\"rbxassetid://9844454989\"],\"color\":[0,100,100,1]},\"fabric\":{\"ids\":[\"rbxassetid://9867974813\",\"rbxassetid://9844454989\"],\"color\":[0,100,100,1]},\"glacier\":{\"ids\":[\"rbxassetid://9867974813\",\"rbxassetid://9844454989\"],\"color\":[0,100,100,1]},\"glass\":{\"ids\":[\"rbxassetid://9867974813\",\"rbxassetid://9844454989\"],\"color\":[0,100,100,1]},\"granite\":{\"ids\":[\"rbxassetid://9867974813\",\"rbxassetid://9844454989\"],\"color\":[0,100,100,1]},\"grass\":{\"ids\":[\"rbxassetid://9867974813\",\"rbxassetid://9844454989\"],\"color\":[0,100,100,1]},\"ground\":{\"ids\":[\"rbxassetid://9867974813\",\"rbxassetid://9844454989\"],\"color\":[0,100,100,1]},\"ice\":{\"ids\":[\"rbxassetid://9867974813\",\"rbxassetid://9844454989\"],\"color\":[0,100,100,1]},\"leafygrass\":{\"ids\":[\"rbxassetid://9867974813\",\"rbxassetid://9844454989\"],\"color\":[0,100,100,1]},\"limestone\":{\"ids\":[\"rbxassetid://9867974813\",\"rbxassetid://9844454989\"],\"color\":[0,100,100,1]},\"marble\":{\"ids\":[\"rbxassetid://9867974813\",\"rbxassetid://9844454989\"],\"color\":[0,100,100,1]},\"metal\":{\"ids\":[\"rbxassetid://9867974813\",\"rbxassetid://9844454989\"],\"color\":[0,100,100,1]},\"mud\":{\"ids\":[\"rbxassetid://9867974813\",\"rbxassetid://9844454989\"],\"color\":[0,100,100,1]},\"pavement\":{\"ids\":[\"rbxassetid://9867974813\",\"rbxassetid://9844454989\"],\"color\":[0,100,100,1]},\"pebble\":{\"ids\":[\"rbxassetid://9867974813\",\"rbxassetid://9844454989\"],\"color\":[0,100,100,1]},\"plastic\":{\"ids\":[\"\",\"rbxassetid://9867974813\"],\"color\":[0,100,100,1]},\"rock\":{\"ids\":[\"rbxassetid://9867974813\",\"rbxassetid://9844454989\"],\"color\":[0,100,100,1]},\"corrodedmetal\":{\"ids\":[\"rbxassetid://9867974813\",\"rbxassetid://9844454989\"],\"color\":[0,100,100,1]},\"salt\":{\"ids\":[\"rbxassetid://9867974813\",\"rbxassetid://9844454989\"],\"color\":[0,100,100,1]},\"sand\":{\"ids\":[\"rbxassetid://9867974813\",\"rbxassetid://9844454989\"],\"color\":[0,100,100,1]},\"sandstone\":{\"ids\":[\"rbxassetid://9867974813\",\"rbxassetid://9844454989\"],\"color\":[0,100,100,1]},\"slate\":{\"ids\":[\"rbxassetid://9867974813\",\"rbxassetid://9844454989\"],\"color\":[0,100,100,1]},\"snow\":{\"ids\":[\"rbxassetid://9867974813\",\"rbxassetid://9844454989\"],\"color\":[0,100,100,1]},\"wood\":{\"ids\":[\"rbxassetid://9867974813\",\"rbxassetid://9844454989\"],\"color\":[0,100,100,1]},\"woodplanks\":{\"ids\":[\"rbxassetid://9867974813\",\"rbxassetid://9844454989\"],\"color\":[0,100,100,1]}}"
}
