{
    "DFIntTaskSchedulerTargetFps": 5588562,
    "FFlagDebugDisplayFPS": false,
    "FFlagDebugSkyGray": true,
    "FStringPartTexturePackTablePre2022": "{\"foil\":{\"ids\":[\"rbxassetid://9873266399\",\"rbxassetid://9873266399\"],\"color\":[157,0,255,0]},\"asphalt\":{\"ids\":[\"rbxassetid://9873266399\",\"rbxassetid://9873266399\"],\"color\":[157,0,255,0]},\"basalt\":{\"ids\":[\"rbxassetid://9873266399\",\"rbxassetid://9873266399\"],\"color\":[255,255,255,0]},\"brick\":{\"ids\":[\"rbxassetid://9873266399\",\"rbxassetid://9873266399\"],\"color\":[255,255,255,0]},\"cobblestone\":{\"ids\":[\"rbxassetid://9873266399\",\"rbxassetid://9873266399\"],\"color\":[255,255,255,0]},\"concrete\":{\"ids\":[\"rbxassetid://9873266399\",\"rbxassetid://9873266399\"],\"color\":[255,255,255,0]},\"crackedlava\":{\"ids\":[\"rbxassetid://9873266399\",\"rbxassetid://9873266399\"],\"color\":[255,255,255,0]},\"diamondplate\":{\"ids\":[\"rbxassetid://9873266399\",\"rbxassetid://9873266399\"],\"color\":[157,0,255,0]},\"fabric\":{\"ids\":[\"rbxassetid://9920485426\",\"rbxassetid://9920485426\"],\"color\":[157,0,255,0]},\"glacier\":{\"ids\":[\"rbxassetid://9873266399\",\"rbxassetid://9873266399\"],\"color\":[255,255,255,0]},\"glass\":{\"ids\":[\"rbxassetid://9873266399\",\"rbxassetid://9873266399\"],\"color\":[255,255,255,0]},\"granite\":{\"ids\":[\"rbxassetid://9873266399\",\"rbxassetid://9873266399\"],\"color\":[255,255,255,0]},\"grass\":{\"ids\":[\"rbxassetid://9873266399\",\"rbxassetid://9873266399\"],\"color\":[255,255,255,255]},\"ground\":{\"ids\":[\"rbxassetid://9873266399\",\"rbxassetid://9873266399\"],\"color\":[255,255,255,255]},\"ice\":{\"ids\":[\"rbxassetid://9873266399\",\"rbxassetid://9873266399\"],\"color\":[255,255,255,255]},\"leafygrass\":{\"ids\":[\"rbxassetid://9873266399\",\"rbxassetid://9873266399\"],\"color\":[255,255,255,255]},\"limestone\":{\"ids\":[\"rbxassetid://9873266399\",\"rbxassetid://9873266399\"],\"color\":[255,255,255,255]},\"marble\":{\"ids\":[\"rbxassetid://9873266399\",\"rbxassetid://9873266399\"],\"color\":[255,255,255,255]},\"metal\":{\"ids\":[\"rbxassetid://9873266399\",\"rbxassetid://9873266399\"],\"color\":[255,255,255,255]},\"mud\":{\"ids\":[\"rbxassetid://9873266399\",\"rbxassetid://9873266399\"],\"color\":[255,255,255,0]},\"pavement\":{\"ids\":[\"rbxassetid://9873266399\",\"rbxassetid://9873266399\"],\"color\":[157,0,255,0]},\"pebble\":{\"ids\":[\"rbxassetid://9873266399\",\"rbxassetid://9873266399\"],\"color\":[255,255,255,0]},\"plastic\":{\"ids\":[\"\",\"rbxassetid://9873266399\"],\"color\":[255,255,255,0]},\"rock\":{\"ids\":[\"rbxassetid://9873266399\",\"rbxassetid://9873266399\"],\"color\":[157,0,255,0]},\"corrodedmetal\":{\"ids\":[\"rbxassetid://9873266399\",\"rbxassetid://9873266399\"],\"color\":[255,255,255,255]},\"salt\":{\"ids\":[\"rbxassetid://9873266399\",\"rbxassetid://9873266399\"],\"color\":[255,255,255,255]},\"sand\":{\"ids\":[\"rbxassetid://9873266399\",\"rbxassetid://9873266399\"],\"color\":[255,255,255,255]},\"sandstone\":{\"ids\":[\"rbxassetid://9873266399\",\"rbxassetid://9873266399\"],\"color\":[255,255,255,255]},\"slate\":{\"ids\":[\"rbxassetid://9873266399\",\"rbxassetid://9873266399\"],\"color\":[255,255,255,255]},\"snow\":{\"ids\":[\"rbxassetid://9873266399\",\"rbxassetid://9873266399\"],\"color\":[255,255,255,255]},\"wood\":{\"ids\":[\"rbxassetid://9873266399\",\"rbxassetid://9873266399\"],\"color\":[255,255,255,255]},\"woodplanks\":{\"ids\":[\"rbxassetid://9873266399\",\"rbxassetid://9873266399\"],\"color\":[255,255,255,255]}}"
}