{
    "DFIntTaskSchedulerTargetFps": 5588562,
	"FFlagDebugDisplayFPS": false,
	"FFlagDebugSkyGray": true,
	"FStringPartTexturePackTablePre2022": "{\"foil\":{\"ids\":[\"rbxassetid://9873266399\",\"rbxassetid://9438410239\"],\"color\":[238,238,238,255]},\"asphalt\":{\"ids\":[\"rbxassetid://9920518995\",\"rbxassetid://9438453972\"],\"color\":[227,227,228,234]},\"basalt\":{\"ids\":[\"rbxassetid://9920482224\",\"rbxassetid://9438413638\"],\"color\":[160,160,158,238]},\"brick\":{\"ids\":[\"rbxassetid://9920482992\",\"rbxassetid://9438453972\"],\"color\":[229,214,205,227]},\"cobblestone\":{\"ids\":[\"rbxassetid://9919719550\",\"rbxassetid://9438453972\"],\"color\":[218,219,219,243]},\"concrete\":{\"ids\":[\"rbxassetid://9920518995\",\"rbxassetid://9438453972\"],\"color\":[225,225,224,255]},\"crackedlava\":{\"ids\":[\"rbxassetid://9920485426\",\"rbxassetid://9438453972\"],\"color\":[76,79,81,156]},\"diamondplate\":{\"ids\":[\"rbxassetid://10237721036\",\"rbxassetid://9438453972\"],\"color\":[210,210,210,255]},\"fabric\":{\"ids\":[\"rbxassetid://9920517963\",\"rbxassetid://9438453972\"],\"color\":[221,221,221,255]},\"glacier\":{\"ids\":[\"rbxassetid://9920518995\",\"rbxassetid://9438453972\"],\"color\":[225,229,229,243]},\"glass\":{\"ids\":[\"rbxassetid://9873284556\",\"rbxassetid://9438453972\"],\"color\":[254,254,254,7]},\"granite\":{\"ids\":[\"rbxassetid://9920550720\",\"rbxassetid://9438453972\"],\"color\":[210,206,200,255]},\"grass\":{\"ids\":[\"rbxassetid://9873284556\",\"rbxassetid://9438453972\"],\"color\":[196,196,189,241]},\"ground\":{\"ids\":[\"rbxassetid://9920554695\",\"rbxassetid://9438453972\"],\"color\":[165,165,160,240]},\"ice\":{\"ids\":[\"rbxassetid://9920556429\",\"rbxassetid://9438453972\"],\"color\":[235,239,241,248]},\"leafygrass\":{\"ids\":[\"rbxassetid://9920558145\",\"rbxassetid://9438453972\"],\"color\":[182,178,175,234]},\"limestone\":{\"ids\":[\"rbxassetid://9920561624\",\"rbxassetid://9438453972\"],\"color\":[250,248,243,250]},\"marble\":{\"ids\":[\"rbxassetid://9873292869\",\"rbxassetid://9438453972\"],\"color\":[181,183,193,249]},\"metal\":{\"ids\":[\"rbxassetid://9920574966\",\"rbxassetid://9438453972\"],\"color\":[226,226,226,255]},\"mud\":{\"ids\":[\"rbxassetid://9920578676\",\"rbxassetid://9438453972\"],\"color\":[193,192,193,252]},\"pavement\":{\"ids\":[\"rbxassetid://9920580094\",\"rbxassetid://9438453972\"],\"color\":[218,218,219,236]},\"pebble\":{\"ids\":[\"rbxassetid://9920581197\",\"rbxassetid://9438453972\"],\"color\":[204,203,201,234]},\"plastic\":{\"ids\":[\"\",\"rbxassetid://9475422736\"],\"color\":[255,255,255,255]},\"rock\":{\"ids\":[\"rbxassetid://10129366149\",\"rbxassetid://9438453972\"],\"color\":[211,211,210,248]},\"corrodedmetal\":{\"ids\":[\"rbxassetid://9920589512\",\"rbxassetid://9439557520\"],\"color\":[206,177,163,180]},\"salt\":{\"ids\":[\"rbxassetid://9920590478\",\"rbxassetid://9438453972\"],\"color\":[249,249,249,255]},\"sand\":{\"ids\":[\"rbxassetid://9920591862\",\"rbxassetid://9438453972\"],\"color\":[218,216,210,240]},\"sandstone\":{\"ids\":[\"rbxassetid://9920596353\",\"rbxassetid://9438453972\"],\"color\":[241,234,230,246]},\"slate\":{\"ids\":[\"rbxassetid://9920591862\",\"rbxassetid://9438453972\"],\"color\":[235,234,235,254]},\"snow\":{\"ids\":[\"rbxassetid://9920620451\",\"rbxassetid://9438453972\"],\"color\":[239,240,240,255]},\"wood\":{\"ids\":[\"rbxassetid://9920625499\",\"rbxassetid://9439649548\"],\"color\":[217,209,208,255]},\"woodplanks\":{\"ids\":[\"rbxassetid://9920626896\",\"rbxassetid://9438453972\"],\"color\":[207,208,206,254]}}",
}