
{
  "FLogNetwork": "7",
  "DFIntTaskSchedulerTargetFps": "9999",
  "DFIntNewRunningBaseAltitudeD": "195",
  "DFIntRunningBaseOrientationP": "450",
  "FIntPGSAngularDampingPermillPersecond": "9999999999",
  "FFlagFixGraphicsQuality": "True",
  "FFlagHandleAltEnterFullscreenManually": "False",
  "DFFlagDebugPauseVoxelizer": "True",
  "FFlagDebugSkyGray": "True",
  "DFFlagDebugPerfMode": "True",
  "FFlagFastGPULightCulling3": "True",
  "FFlagPreloadAllFonts": "True",
  "DFIntS2PhysicsSenderRate": "250",
  "FFlagCommitToGraphicsQualityFix": "True",
  "DFIntClientLightingTechnologyChangedTelemetryHundredthsPercent": "0",
  "DFStringCrashUploadToBacktraceBaseUrl": "null",
  "DFStringCrashUploadToBacktraceMacPlayerToken": "null",
  "DFStringCrashUploadToBacktraceWindowsPlayerToken": "null",
  "GoogleAnalyticsAccountPropertyID": "null",
  "GoogleAnalyticsAccountPropertyIDPlayer": "null",
  "FStringCoreScriptBacktraceErrorUploadToken": "null",
  "FStringGamesUrlPath": "/games/",
  "DFFlagBaseNetworkMetrics": "False",
  "DFFlagBrowserTrackerIdTelemetryEnabled": "False",
  "DFStringRobloxAnalyticsURL": "null",
  "DFStringTelegrafHTTPTransportUrl": "null",
  "DFStringAltTelegrafHTTPTransportUrl": "null",
  "DFStringTelemetryV2Url": "null",
  "DFFlagEnableLightstepReporting2": "False",
  "DFIntLightstepHTTPTransportHundredthsPercent2": "0",
  "DFStringLightstepHTTPTransportUrlHost": "null",
  "DFStringLightstepHTTPTransportUrlPath": "null",
  "DFStringLightstepToken": "null",
  "FFlagDebugDisableTelemetryEphemeralCounter": "True",
  "FFlagDebugDisableTelemetryEphemeralStat": "True",
  "FFlagDebugDisableTelemetryEventIngest": "True",
  "FFlagDebugDisableTelemetryPoint": "True",
  "FFlagDebugDisableTelemetryV2Counter": "True",
  "FFlagDebugDisableTelemetryV2Event": "True",
  "FFlagDebugDisableTelemetryV2Stat": "True",
  "DFStringHttpPointsReporterUrl": "null",
  "DFStringAltHttpPointsReporterUrl": "null",
}
