{
    "DFIntTaskSchedulerTargetFps": 5588562,
    "FFlagDebugDisplayFPS": false,
    "FFlagDebugSkyGray": true,
    "FStringPartTexturePackTablePre2022": "{\"foil\":{\"ids\":[\"rbxassetid://15330538245\",\"rbxassetid://15330538067\"],\"color\":[238,238,238,255]},\"asphalt\":{\"ids\":[\"rbxassetid://15330734175\",\"rbxassetid://15330734035\"],\"color\":[227,227,228,234]},\"basalt\":{\"ids\":[\"rbxassetid://15330515441\",\"rbxassetid://15330515334\"],\"color\":[160,160,158,238]},\"brick\":{\"ids\":[\"rbxassetid://15330508384\",\"rbxassetid://15330508201\"],\"color\":[229,214,205,227]},\"cobblestone\":{\"ids\":[\"rbxassetid://15330502949\",\"rbxassetid://15330502728\"],\"color\":[218,219,219,243]},\"concrete\":{\"ids\":[\"rbxassetid://15330734175\",\"rbxassetid://15330734035\"],\"color\":[225,225,224,255]},\"crackedlava\":{\"ids\":[\"rbxassetid://15330484488\",\"rbxassetid://15330484381\"],\"color\":[76,79,81,156]},\"diamondplate\":{\"ids\":[\"rbxassetid://15330477997\",\"rbxassetid://15330477816\"],\"color\":[210,210,210,255]},\"fabric\":{\"ids\":[\"rbxassetid://15330469398\",\"rbxassetid://15330469290\"],\"color\":[221,221,221,255]},\"glacier\":{\"ids\":[\"rbxassetid://15330458325\",\"rbxassetid://15330458206\"],\"color\":[225,229,229,243]},\"glass\":{\"ids\":[\"rbxassetid://15330451201\",\"rbxassetid://15330451048\"],\"color\":[254,254,254,7]},\"granite\":{\"ids\":[\"rbxassetid://15330438729\",\"rbxassetid://15330438577\"],\"color\":[210,206,200,255]},\"grass\":{\"ids\":[\"rbxassetid://12083973625\",\"rbxassetid://1365914358\"],\"color\":[196,196,189,241]},\"ground\":{\"ids\":[\"rbxassetid://15330734175\",\"rbxassetid://15330734035\"],\"color\":[165,165,160,240]},\"ice\":{\"ids\":[\"rbxassetid://15330408488\",\"rbxassetid://15330408374\"],\"color\":[235,239,241,248]},\"leafygrass\":{\"ids\":[\"rbxassetid://12083973625\",\"rbxassetid://1365914358\"],\"color\":[182,178,175,234]},\"limestone\":{\"ids\":[\"rbxassetid://15330390628\",\"rbxassetid://15330390545\"],\"color\":[250,248,243,250]},\"marble\":{\"ids\":[\"rbxassetid://15330383879\",\"rbxassetid://15330383757\"],\"color\":[181,183,193,249]},\"metal\":{\"ids\":[\"rbxassetid://15330843310\",\"rbxassetid://15330843159\"],\"color\":[226,226,226,255]},\"mud\":{\"ids\":[\"rbxassetid://15330359319\",\"rbxassetid://15330359179\"],\"color\":[193,192,193,252]},\"pavement\":{\"ids\":[\"rbxassetid://15330347905\",\"rbxassetid://15330347793\"],\"color\":[218,218,219,236]},\"pebble\":{\"ids\":[\"rbxassetid://15330337951\",\"rbxassetid://15330337803\"],\"color\":[204,203,201,234]},\"plastic\":{\"ids\":[\"\",\"rbxassetid://15330326950\",\"rbxassetid://15330326794\"],\"color\":[255,255,255,255]},\"rock\":{\"ids\":[\"rbxassetid://15330314996\",\"rbxassetid://15330314853\"],\"color\":[211,211,210,248]},\"corrodedmetal\":{\"ids\":[\"rbxassetid://15330827869\",\"rbxassetid://15330827766\"],\"color\":[206,177,163,180]},\"salt\":{\"ids\":[\"rbxassetid://15330292038\",\"rbxassetid://15330291939\"],\"color\":[249,249,249,255]},\"sand\":{\"ids\":[\"rbxassetid://15330279185\",\"rbxassetid://15330279070\"],\"color\":[218,216,210,240]},\"sandstone\":{\"ids\":[\"rbxassetid://15330262298\",\"rbxassetid://15330262190\"],\"color\":[241,234,230,246]},\"slate\":{\"ids\":[\"rbxassetid://15330199181\",\"rbxassetid://15330199026\"],\"color\":[235,234,235,254]},\"snow\":{\"ids\":[\"rbxassetid://15330184647\",\"rbxassetid://15330184480\"],\"color\":[239,240,240,255]},\"wood\":{\"ids\":[\"rbxassetid://15330035789\",\"rbxassetid://15330035600\"],\"color\":[217,209,208,255]},\"woodplanks\":{\"ids\":[\"rbxassetid://15330166567\",\"rbxassetid://15330166388\"],\"color\":[207,208,206,254]}}"
}
